# place 1296 of 3000: Vec3(0.9755241, 0.13566667, 0.17305242); the rain switched 13 times in 180 s
t_s,cover,rain_switched,rain_seen
0,1.0000,0.0000,0.4260
1,1.0000,0.0000,0.4135
2,1.0000,1.0000,0.4007
3,1.0000,1.0000,0.3879
4,1.0000,1.0000,0.3752
5,1.0000,1.0000,0.3626
6,1.0000,1.0000,0.3503
7,1.0000,1.0000,0.3382
8,1.0000,1.0000,0.3266
9,1.0000,0.0000,0.3152
10,1.0000,1.0000,0.3799
11,1.0000,1.0000,0.4328
12,1.0000,1.0000,0.5356
13,1.0000,1.0000,0.6198
14,1.0000,1.0000,0.6887
15,1.0000,1.0000,0.7451
16,1.0000,1.0000,0.7913
17,1.0000,1.0000,0.8292
18,1.0000,1.0000,0.8601
19,1.0000,1.0000,0.8855
20,1.0000,1.0000,0.8808
21,1.0000,1.0000,0.8751
22,1.0000,1.0000,0.8688
23,1.0000,1.0000,0.8619
24,1.0000,1.0000,0.8548
25,1.0000,1.0000,0.8475
26,1.0000,1.0000,0.8401
27,1.0000,1.0000,0.8028
28,1.0000,1.0000,0.7674
29,1.0000,1.0000,0.7337
30,1.0000,0.0000,0.7016
31,1.0000,0.0000,0.6674
32,1.0000,0.0000,0.6348
33,1.0000,0.0000,0.6039
34,1.0000,0.0000,0.5744
35,1.0000,0.0000,0.5464
36,1.0000,0.0000,0.5197
37,1.0000,0.0000,0.4944
38,1.0000,0.0000,0.4703
39,1.0000,0.0000,0.4474
40,1.0000,0.0000,0.4255
41,1.0000,0.0000,0.4048
42,1.0000,0.0000,0.3850
43,1.0000,0.0000,0.3663
44,1.0000,0.0000,0.3484
45,1.0000,0.0000,0.3314
46,1.0000,0.0000,0.3152
47,1.0000,0.0000,0.2999
48,1.0000,1.0000,0.3640
49,1.0000,1.0000,0.4159
50,1.0000,1.0000,0.4577
51,1.0000,1.0000,0.4913
52,1.0000,1.0000,0.5183
53,1.0000,1.0000,0.5399
54,1.0000,1.0000,0.5570
55,1.0000,1.0000,0.5813
56,1.0000,1.0000,0.6009
57,1.0000,1.0000,0.6166
58,1.0000,1.0000,0.6292
59,1.0000,1.0000,0.6392
60,1.0000,1.0000,0.6143
61,1.0000,1.0000,0.5901
62,1.0000,1.0000,0.5668
63,1.0000,1.0000,0.5443
64,1.0000,1.0000,0.5226
65,1.0000,1.0000,0.5017
66,1.0000,0.0000,0.4817
67,1.0000,0.0000,0.4626
68,1.0000,0.0000,0.4442
69,1.0000,0.0000,0.4267
70,1.0000,0.0000,0.4099
71,1.0000,0.0000,0.3939
72,1.0000,0.0000,0.3786
73,1.0000,0.0000,0.3640
74,1.0000,0.0000,0.4063
75,1.0000,1.0000,0.4386
76,1.0000,1.0000,0.4629
77,1.0000,1.0000,0.4808
78,1.0000,1.0000,0.4936
79,1.0000,1.0000,0.5794
80,1.0000,1.0000,0.6492
81,1.0000,1.0000,0.7060
82,1.0000,1.0000,0.7522
83,1.0000,1.0000,0.7897
84,1.0000,1.0000,0.8278
85,1.0000,1.0000,0.8590
86,1.0000,1.0000,0.8846
87,1.0000,1.0000,0.9055
88,1.0000,1.0000,0.9226
89,1.0000,1.0000,0.9315
90,1.0000,1.0000,0.9383
91,1.0000,1.0000,0.9435
92,1.0000,1.0000,0.9474
93,1.0000,1.0000,0.9502
94,1.0000,1.0000,0.9521
95,1.0000,1.0000,0.9534
96,1.0000,1.0000,0.9368
97,1.0000,1.0000,0.9207
98,1.0000,0.0000,0.8758
99,1.0000,0.0000,0.8331
100,1.0000,0.0000,0.7925
101,1.0000,0.0000,0.7538
102,1.0000,0.0000,0.7171
103,1.0000,0.0000,0.6821
104,1.0000,0.0000,0.6488
105,1.0000,0.0000,0.6172
106,1.0000,0.0000,0.5871
107,1.0000,0.0000,0.5585
108,1.0000,0.0000,0.5312
109,1.0000,0.0000,0.5053
110,1.0000,0.0000,0.4807
111,1.0000,0.0000,0.4572
112,1.0000,0.0000,0.4459
113,1.0000,0.0000,0.4339
114,1.0000,1.0000,0.4213
115,1.0000,1.0000,0.4085
116,1.0000,1.0000,0.3956
117,1.0000,1.0000,0.3827
118,1.0000,1.0000,0.4173
119,1.0000,1.0000,0.4444
120,1.0000,1.0000,0.4652
121,1.0000,1.0000,0.4810
122,1.0000,1.0000,0.4928
123,1.0000,1.0000,0.5014
124,1.0000,1.0000,0.5073
125,1.0000,1.0000,0.4868
126,1.0000,1.0000,0.4672
127,1.0000,0.0000,0.4485
128,1.0000,0.0000,0.4306
129,1.0000,0.0000,0.4096
130,1.0000,0.0000,0.3896
131,1.0000,0.0000,0.3706
132,1.0000,0.0000,0.3526
133,1.0000,0.0000,0.3354
134,1.0000,0.0000,0.3190
135,1.0000,0.0000,0.3034
136,1.0000,0.0000,0.2886
137,1.0000,0.0000,0.2746
138,1.0000,0.0000,0.3037
139,1.0000,1.0000,0.3268
140,1.0000,1.0000,0.3450
141,1.0000,1.0000,0.3591
142,1.0000,1.0000,0.3699
143,1.0000,1.0000,0.3782
144,1.0000,1.0000,0.3843
145,1.0000,1.0000,0.3887
146,1.0000,1.0000,0.3918
147,1.0000,1.0000,0.3937
148,1.0000,1.0000,0.3948
149,1.0000,1.0000,0.3952
150,1.0000,1.0000,0.3951
151,1.0000,1.0000,0.3945
152,1.0000,0.0000,0.3753
153,1.0000,0.0000,0.3570
154,1.0000,0.0000,0.3396
155,1.0000,0.0000,0.3230
156,1.0000,0.0000,0.3073
157,1.0000,0.0000,0.2923
158,1.0000,0.0000,0.2780
159,1.0000,0.0000,0.2645
160,1.0000,0.0000,0.2516
161,1.0000,0.0000,0.2393
162,1.0000,0.0000,0.2276
163,1.0000,0.0000,0.2165
164,1.0000,0.0000,0.2060
165,1.0000,0.0000,0.1959
166,1.0000,0.0000,0.1864
167,1.0000,0.0000,0.1773
168,1.0000,0.0000,0.1686
169,1.0000,0.0000,0.1604
170,1.0000,0.0000,0.1526
171,1.0000,0.0000,0.1451
172,1.0000,0.0000,0.1381
173,1.0000,0.0000,0.1313
174,1.0000,0.0000,0.1249
175,1.0000,0.0000,0.1188
176,1.0000,0.0000,0.1130
177,1.0000,1.0000,0.1573
178,1.0000,1.0000,0.1935
179,1.0000,1.0000,0.2230
180,1.0000,1.0000,0.2600
